1,Imagens Radiológicas,Imagens Radiológicas 1,1,1,1,1,a preencher
2,Imagens Radiológicas,Imagens Radiológicas 2,1,1,1,1,a preencher
3,Imagens Radiológicas,Imagens Radiológicas 3,1,1,1,1,a preencher
4,Imagens Radiológicas,Imagens Radiológicas 4,1,1,1,1,a preencher
5,Imagens Radiológicas,Imagens Radiológicas 5,1,1,1,1,a preencher
6,Imagens Radiológicas,Imagens Radiológicas 6,1,1,1,1,a preencher
7,Imagens Radiológicas,Imagens Radiológicas 7,1,1,1,1,a preencher
8,Imagens Radiológicas,Imagens Radiológicas 8,1,1,1,1,a preencher
9,Imagens Radiológicas,Imagens Radiológicas 9,1,1,1,1,a preencher
10,Imagens Radiológicas,Imagens Radiológicas 10,1,1,1,1,a preencher
11,Imagens Radiológicas,Imagens Radiológicas 11,1,1,1,1,a preencher
12,Imagens Radiológicas,Imagens Radiológicas 12,1,1,1,1,a preencher
13,Imagens Radiológicas,Imagens Radiológicas 13,1,1,1,1,a preencher
14,Imagens Radiológicas,Imagens Radiológicas 14,1,1,1,1,a preencher
15,Imagens Radiológicas,Imagens Radiológicas 15,1,1,1,1,a preencher
16,Imagens Radiológicas,Imagens Radiológicas 16,1,1,1,1,a preencher
17,Imagens Radiológicas,Imagens Radiológicas 17,1,1,1,1,a preencher
18,Imagens Radiológicas,Imagens Radiológicas 18,1,1,1,1,a preencher
19,Imagens Radiológicas,Imagens Radiológicas 19,1,1,1,1,a preencher
20,Imagens Radiológicas,Imagens Radiológicas 20,1,1,1,1,a preencher
21,Imagens Radiológicas,Imagens Radiológicas 21,1,1,1,1,a preencher
22,Imagens Radiológicas,Imagens Radiológicas 22,1,1,1,1,a preencher
23,Imagens Radiológicas,Imagens Radiológicas 23,1,1,1,1,a preencher
24,Imagens Radiológicas,Imagens Radiológicas 24,1,1,1,1,a preencher
25,Imagens Radiológicas,Imagens Radiológicas 25,1,1,1,1,a preencher
26,Imagens Radiológicas,Imagens Radiológicas 26,1,1,1,1,a preencher
27,Imagens Radiológicas,Imagens Radiológicas 27,1,1,1,1,a preencher
28,Imagens Radiológicas,Imagens Radiológicas 28,1,1,1,1,a preencher
29,Cirurgia Geral,Abdome Agudo Inflamatório,4,2,1,1,a preencher
30,Cirurgia Geral,Abdome Agudo Isquêmico,2,2,1,1,a preencher
31,Cirurgia Geral,Abdome Agudo Obstrutivo,2,2,1,1,a preencher
32,Cirurgia Geral,Abdome Agudo Perfurativo,3,2,1,1,a preencher
33,Cirurgia Geral,Doença Arterial Periférica,5,2,1,1,a preencher
34,Cirurgia Geral,Cirurgia Cardíaca,1,2,1,1,a preencher
35,Cirurgia Geral,Tumores de Cabeça e Pescoço,1,2,1,1,a preencher
36,Cirurgia Geral,Outras Afecções Cirúrgicas de Cabeça e Pescoço,1,2,1,1,a preencher
37,Cirurgia Geral,Cirurgia da Obesidade,3,2,1,1,a preencher
38,Cirurgia Geral,Cólon e Reto na Cirurgia,4,2,1,1,a preencher
39,Cirurgia Geral,Tumores do Aparelho Digestivo,4,2,1,1,a preencher
40,Cirurgia Geral,Anestesia,4,2,1,1,a preencher
41,Cirurgia Geral,Cuidados e Complicações Pós-Operatórias,7,2,1,1,a preencher
42,Cirurgia Geral,Cuidados Pré-Operatórios,10,2,1,1,a preencher
43,Cirurgia Geral,"Feridas, Enxertos e Retalhos",5,2,1,1,a preencher
44,Cirurgia Geral,Técnica Operatória,5,2,1,1,a preencher
45,Cirurgia Geral,Hérnias,6,2,1,1,a preencher
46,Cirurgia Geral,Tumores de Partes Moles,1,2,1,1,a preencher
47,Cirurgia Geral,Cirurgia Pediátrica,6,2,1,1,a preencher
48,Cirurgia Geral,Cirurgia Torácica,3,2,1,1,a preencher
49,Cirurgia Geral,Tumores Pulmonares e do Mediastino,1,2,1,1,a preencher
50,Cirurgia Geral,Aneurismas,2,2,1,1,a preencher
51,Cirurgia Geral,Doenças Venosas,6,2,1,1,a preencher
52,Cirurgia Geral,Estenose de Carótidas,2,2,1,1,a preencher
53,Cirurgia Geral,Tumores Dermatológicos,4,2,1,1,a preencher
54,Cirurgia Geral,Afecções Pancreáticas,6,2,1,1,a preencher
55,Cirurgia Geral,Doença Inflamatória Intestinal,6,2,1,1,a preencher
56,Cirurgia Geral,Hemorragia Digestiva,2,2,1,1,a preencher
57,Cirurgia Geral,Síndrome Disfágica,7,2,1,1,a preencher
58,Cirurgia Geral,Síndrome Dispéptica,4,2,1,1,a preencher
59,Cirurgia Geral,Polipose Intestinal,1,2,1,1,a preencher
60,Cirurgia Geral,Afecções Benignas das Vias Biliares,8,2,1,1,a preencher
61,Cirurgia Geral,Oftalmologia,2,2,1,1,a preencher
62,Cirurgia Geral,Fraturas Ósseas,2,2,1,1,a preencher
63,Cirurgia Geral,Luxações e Lesões Ligamentares,2,2,1,1,a preencher
64,Cirurgia Geral,Ortopedia Pediátrica,2,2,1,1,a preencher
65,Cirurgia Geral,"Tendinite, Tenossinovite, Fascite e Bursite",2,2,1,1,a preencher
66,Cirurgia Geral,Tumores Ortopédicos,3,2,1,1,a preencher
67,Cirurgia Geral,Abordagem Inicial,6,2,1,1,a preencher
68,Cirurgia Geral,Queimaduras,2,2,1,1,a preencher
69,Cirurgia Geral,Trauma Abdominal,3,2,1,1,a preencher
70,Cirurgia Geral,Trauma Crânio-Encefálico,2,2,1,1,a preencher
71,Cirurgia Geral,Trauma de Face e Pescoço,3,2,1,1,a preencher
72,Cirurgia Geral,Trauma Torácico,2,2,1,1,a preencher
73,Cirurgia Geral,Trauma da Coluna Vertebral,1,2,1,1,a preencher
74,Cirurgia Geral,Trauma de Membros e Extremidades,1,2,1,1,a preencher
75,Cirurgia Geral,Afecções Urológicas Benignas,4,2,1,1,a preencher
76,Cirurgia Geral,Tumores Urológicos,6,2,1,1,a preencher
77,Cirurgia Geral,Abdome Agudo Inflamatório na Pediatria,3,2,1,1,a preencher
78,Cirurgia Geral,Queimaduras na Pediatria,3,2,1,1,a preencher
79,Clínica Médica,"Abuso de álcool, tabaco e outras substâncias",7,1,1,1,a preencher
80,Clínica Médica,Afecções benignas das vias biliares,1,1,1,1,a preencher
81,Clínica Médica,Anemia e hemoglobinopatias,7,1,1,1,a preencher
82,Clínica Médica,"Arritmias, síncope e PCR",1,1,1,1,a preencher
83,Clínica Médica,Artrites e diagnósticos diferenciais,6,1,1,1,a preencher
84,Clínica Médica,AVC,5,1,1,1,a preencher
85,Clínica Médica,Cefaleias,6,1,1,1,a preencher
86,Clínica Médica,"Cirrose, insuficiência hepática e complicações",7,1,1,1,a preencher
87,Clínica Médica,Colagenoses e miopatias,6,1,1,1,a preencher
88,Clínica Médica,Diabetes,6,1,1,1,a preencher
89,Clínica Médica,"Distúrbios da hemostasia, desordens trombóticas e transfusão de hemocomponentes",7,1,1,1,a preencher
90,Clínica Médica,Distúrbios hidroeletrolíticos e ácidos básicos,4,1,1,1,a preencher
91,Clínica Médica,Distúrbios obstrutivos,2,1,1,1,a preencher
92,Clínica Médica,Doenças infectoparasitárias com acometimento dermatológico,4,1,1,1,a preencher
93,Clínica Médica,Doenças pulmonares intersticiais,4,1,1,1,a preencher
94,Clínica Médica,Embolia pulmonar e hipertensão pulmonar,4,1,1,1,a preencher
95,Clínica Médica,Endocardite e infecções da corrente sanguínea,5,1,1,1,a preencher
96,Clínica Médica,Farmacodermias e dermatoses,9,1,1,1,a preencher
97,Clínica Médica,Geriatria e demências,5,1,1,1,a preencher
98,Clínica Médica,Glomerulopatias e tubulopatias,2,1,1,1,a preencher
99,Clínica Médica,Hepatite e doenças do metabolismo da bilirrubina,4,1,1,1,a preencher
100,Clínica Médica,Hipertensão arterial sistêmica,7,1,1,1,a preencher
101,Clínica Médica,HIV e AIDS no adulto não gestante,7,1,1,1,a preencher
102,Clínica Médica,Infecção do trato urinário,1,1,1,1,a preencher
103,Clínica Médica,Infecções do sistema nervoso central,5,1,1,1,a preencher
104,Clínica Médica,Infecções fúngicas,1,1,1,1,a preencher
105,Clínica Médica,Insuficiência cardíaca,10,1,1,1,a preencher
106,Clínica Médica,Insuficiência renal,5,1,1,1,a preencher
107,Clínica Médica,Intoxicações exógenas e acidentes por animais peçonhentos,5,1,1,1,a preencher
108,Clínica Médica,Oncohematologia,9,1,1,1,a preencher
109,Clínica Médica,Parasitoses,1,1,1,1,a preencher
110,Clínica Médica,"Paratireoide, suprarrenal e outras síndromes endócrinas",8,1,1,1,a preencher
111,Clínica Médica,Pneumointensivismo,6,1,1,1,a preencher
112,Clínica Médica,Pneumonias e síndromes gripais,4,1,1,1,a preencher
113,Clínica Médica,"Sepse, choque séptico e outros tipos de choque",9,1,1,1,a preencher
114,Clínica Médica,Síndrome coronariana e diagnósticos diferenciais,9,1,1,1,a preencher
115,Clínica Médica,Síndrome metabólica e dislipidemia,2,1,1,1,a preencher
116,Clínica Médica,Síndromes febris,7,1,1,1,a preencher
117,Clínica Médica,Síndromes neurológicas e fraqueza muscular,7,1,1,1,a preencher
118,Clínica Médica,Tireoide,2,1,1,1,a preencher
119,Clínica Médica,Transtornos mentais,9,1,1,1,a preencher
120,Clínica Médica,Tuberculose,6,1,1,1,a preencher
121,Clínica Médica,Tumores do sistema nervoso central,1,1,1,1,a preencher
122,Clínica Médica,Tumores urológicos,1,1,1,1,a preencher
123,Clínica Médica,Valvopatias e cardiomiopatias,8,1,1,1,a preencher
124,Clínica Médica,Vasculites,7,1,1,1,a preencher
125,Clínica Médica,Vertigens,1,1,1,1,a preencher
126,Pediatria,Como cai na pediatria: Anemias e hemoglobinopatias,1,1,1,1,a preencher
127,Pediatria,Como cai na pediatria: Glomerulopatias e tubulopatias,1,1,1,1,a preencher
128,Pediatria,Como cai na pediatria: Diabetes,1,1,1,1,a preencher
129,Pediatria,Como cai na pediatria: Distúrbios da hemostasia e desordens trombóticas,1,1,1,1,a preencher
130,Pediatria,Como cai na pediatria: Hipertensão,1,1,1,1,a preencher
131,Pediatria,Como cai na pediatria: Infecções do sistema nervoso central,1,1,1,1,a preencher
132,Pediatria,Como cai na pediatria: Intoxicações exógenas e acidentes por animais peçonhentos,1,1,1,1,a preencher
133,Pediatria,Como cai na pediatria: Onco-hematologia,1,1,1,1,a preencher
134,Pediatria,Como cai na pediatria: Pneumonias e síndromes gripais,1,1,1,1,a preencher
135,Pediatria,Como cai na pediatria: Síndrome metabólica e dislipidemia,1,1,1,1,a preencher
136,Pediatria,Como cai na pediatria: Síndromes febris,1,1,1,1,a preencher
137,Pediatria,Como cai na pediatria: Tuberculose,1,1,1,1,a preencher
138,Cirurgia Geral,Como cai na cirurgia: Tireoide,1,1,1,1,a preencher
139,Clínica Médica,Como cai na clínica médica: Doenças sexualmente transmissíveis,1,1,1,1,a preencher
140,Preventiva,Como cai na preventiva: HIV e AIDS no adulto não gestante,1,1,1,1,a preencher
141,Clínica Médica,"Infecções de pele, ossos e partes moles",1,1,1,1,a preencher
142,Clínica Médica,Neurointensivismo e ética médica,1,1,1,1,a preencher
143,Clínica Médica,Saúde mental no Brasil,1,1,1,1,a preencher
144,Pediatria,Desordens do sistema imune,5,1,1,1,a preencher
145,Pediatria,"Arritmias, síncope e PCR",2,1,1,1,a preencher
146,Pediatria,Cardiopatias congênitas,5,1,1,1,a preencher
147,Pediatria,Diabetes,2,1,1,1,a preencher
148,Pediatria,Constipação intestinal,2,1,1,1,a preencher
149,Pediatria,Parasitoses,4,1,1,1,a preencher
150,Pediatria,Síndromes diarreicas e absortivas,6,1,1,1,a preencher
151,Pediatria,Desordens genéticas e erros inatos do metabolismo,6,1,1,1,a preencher
152,Pediatria,Doenças exantemáticas,6,1,1,1,a preencher
153,Pediatria,Imunizações,4,1,1,1,a preencher
154,Pediatria,Infecções do trato urinário,3,1,1,1,a preencher
155,Pediatria,Pneumonias e síndromes gripais,2,1,1,1,a preencher
156,Pediatria,Síndromes febris,2,1,1,1,a preencher
157,Pediatria,Glomerulopatias e tubulopatias,2,1,1,1,a preencher
158,Pediatria,Alojamento conjunto e teste de triagem neonatal,6,1,1,1,a preencher
159,Pediatria,Período neonatal: doenças do metabolismo,2,1,1,1,a preencher
160,Pediatria,Período neonatal: doenças hematológicas,2,1,1,1,a preencher
161,Pediatria,Período neonatal: doenças infecciosas,9,1,1,1,a preencher
162,Pediatria,Período neonatal: doenças respiratórias,3,1,1,1,a preencher
163,Pediatria,Doenças neurológicas e sensoriais,1,1,1,1,a preencher
164,Pediatria,Sala de parto,6,1,1,1,a preencher
165,Pediatria,Epilepsia e síndromes convulsivas,5,1,1,1,a preencher
166,Pediatria,Distúrbios carenciais,3,1,1,1,a preencher
167,Pediatria,Nutrição na pediatria,3,1,1,1,a preencher
168,Pediatria,Anemias e hemoglobinopatias,2,1,1,1,a preencher
169,Pediatria,"Nariz, ouvido e laringe",5,1,1,1,a preencher
170,Pediatria,Distúrbios obstrutivos,7,1,1,1,a preencher
171,Pediatria,Avaliação dos transtornos do comportamento na infância e adolescência,2,1,1,1,a preencher
172,Pediatria,Crescimento e desenvolvimento na infância e adolescência,2,1,1,1,a preencher
173,Pediatria,Vasculites,1,1,1,1,a preencher
174,Pediatria,Distúrbios estaturais e puberais,2,1,1,1,a preencher
175,Pediatria,Segurança e violência na infância,2,1,1,1,a preencher
176,Pediatria,"Sepse, choque séptico e outros tipos de choque",3,1,1,1,a preencher
177,Clínica Médica,Clínica médica: como cai síndromes diarreicas e desabsortivas,1,1,1,1,a preencher
178,Preventiva,Como cai na preventiva: imunizações,1,1,1,1,a preencher
179,Ginecologia e Obstetrícia,Rastreamento do Câncer de Colo Uterino,2,1,1,1,a preencher
180,Ginecologia e Obstetrícia,Pré-Natal,4,1,1,1,a preencher
181,Ginecologia e Obstetrícia,Tumores do colo uterino,5,1,1,1,a preencher
182,Ginecologia e Obstetrícia,Doenças do Corpo Uterino e Endométrio,5,1,1,1,a preencher
183,Ginecologia e Obstetrícia,Diabetes mellitus na Gravidez,4,1,1,1,a preencher
184,Ginecologia e Obstetrícia,Síndromes Hipertensivas da Gestação,7,1,1,1,a preencher
185,Ginecologia e Obstetrícia,"Hepatites virais, HIV/AIDS e outras infecções na gestação",5,1,1,1,a preencher
186,Ginecologia e Obstetrícia,Outras doenças na gestação,4,1,1,1,a preencher
187,Ginecologia e Obstetrícia,Amenorreias e Síndrome dos Ovários Policísticos,4,1,1,1,a preencher
188,Ginecologia e Obstetrícia,Ciclo Menstrual,4,1,1,1,a preencher
189,Ginecologia e Obstetrícia,Climatério,4,1,1,1,a preencher
190,Ginecologia e Obstetrícia,Contracepção,4,1,1,1,a preencher
191,Ginecologia e Obstetrícia,Anatomia Pélvica,4,1,1,1,a preencher
192,Ginecologia e Obstetrícia,Dor pélvica crônica,4,1,1,1,a preencher
193,Ginecologia e Obstetrícia,Doença Inflamatória Pélvica e Violência Sexual,4,1,1,1,a preencher
194,Ginecologia e Obstetrícia,Vulvovaginites,7,1,1,1,a preencher
195,Ginecologia e Obstetrícia,Infertividade Conjugal,4,1,1,1,a preencher
196,Ginecologia e Obstetrícia,Doenças Benignas da Mama,5,1,1,1,a preencher
197,Ginecologia e Obstetrícia,Tumores Malignos da Mama,6,1,1,1,a preencher
198,Ginecologia e Obstetrícia,Medicina Fetal,4,1,1,1,a preencher
199,Ginecologia e Obstetrícia,Tumores dos Ovários,4,1,1,1,a preencher
200,Ginecologia e Obstetrícia,Assistência ao Parto,6,1,1,1,a preencher
201,Ginecologia e Obstetrícia,"Estática fetal, pelve e mecanismo de parto",4,1,1,1,a preencher
202,Ginecologia e Obstetrícia,Rotura Prematura de Membros Ovulares e Infecção Ovular,6,1,1,1,a preencher
203,Ginecologia e Obstetrícia,Trabalho de parto prematuro,4,1,1,1,a preencher
204,Ginecologia e Obstetrícia,Puerpério,4,1,1,1,a preencher
205,Ginecologia e Obstetrícia,Sangramento da Primeira Metade da Gestação,4,1,1,1,a preencher
206,Ginecologia e Obstetrícia,Sangramento da Segunda Metade da Gestação,4,1,1,1,a preencher
207,Ginecologia e Obstetrícia,PALM-COEIN,4,1,1,1,a preencher
208,Ginecologia e Obstetrícia,Conceitos em sexualidade,1,1,1,1,a preencher
209,Ginecologia e Obstetrícia,Disfunções Sexuais,1,1,1,1,a preencher
210,Ginecologia e Obstetrícia,Sofrimento Fetal,6,1,1,1,a preencher
211,Ginecologia e Obstetrícia,Úlceras genitais,6,1,1,1,a preencher
212,Ginecologia e Obstetrícia,Incontinência urinária e Prolapsos de Órgãos Pélvicos,4,1,1,1,a preencher
213,Ginecologia e Obstetrícia,Fístulas,1,1,1,1,a preencher
214,Ginecologia e Obstetrícia,Patologias da Vulva e Vagina,5,1,1,1,a preencher
215,Ginecologia e Obstetrícia,Morte materna,1,1,1,1,a preencher
216,Medicina Preventiva e Social,"Ética médica, Bioética e Documentação",5,1,1,1,a preencher
217,Medicina Preventiva e Social,Estudos Epidemiológicos (Análise Estatística e Aplicação),5,1,1,1,a preencher
218,Medicina Preventiva e Social,Estudos Epidemiológicos (Classificação),5,1,1,1,a preencher
219,Medicina Preventiva e Social,Perfis e Indicadores Demográficos,6,1,1,1,a preencher
220,Medicina Preventiva e Social,Indicadores de Morbimortalidade,6,1,1,1,a preencher
221,Medicina Preventiva e Social,Níveis de Prevenção,5,1,1,1,a preencher
222,Medicina Preventiva e Social,Aspectos Históricos do SUS,5,1,1,1,a preencher
223,Medicina Preventiva e Social,A Evolução do SUS,5,1,1,1,a preencher
224,Medicina Preventiva e Social,Atenção Primária à Saúde,5,1,1,1,a preencher
225,Medicina Preventiva e Social,Estatística de Testes Diagnósticos,5,1,1,1,a preencher
226,Medicina Preventiva e Social,Notificação,5,1,1,1,a preencher
227,Medicina Preventiva e Social,Vigilância em Saúde do Trabalhador,5,1,1,1,a preencher
228,Medicina Preventiva e Social,"Epidemias, Endemias e Pandemias",3,1,1,1,a preencher
229,Radiologia e Diagnóstico por Imagem,Radiologia Explica 1,1,1,1,1,a preencher
230,Radiologia e Diagnóstico por Imagem,Radiologia Explica 2,1,1,1,1,a preencher
231,Radiologia e Diagnóstico por Imagem,Radiologia Explica 3,1,1,1,1,a preencher
232,Radiologia e Diagnóstico por Imagem,Radiologia Explica 4,1,1,1,1,a preencher
233,Radiologia e Diagnóstico por Imagem,Radiologia Explica 5,1,1,1,1,a preencher
234,Radiologia e Diagnóstico por Imagem,Radiologia Explica 6,1,1,1,1,a preencher
235,Radiologia e Diagnóstico por Imagem,Radiologia Explica 7,1,1,1,1,a preencher
236,Radiologia e Diagnóstico por Imagem,Radiologia Explica 8,1,1,1,1,a preencher